[
  {
    "name": "CTA Link",
    "enabled": true,
    "fields": [
      {
        "type": "singleLineText",
        "defaultValue": "",
        "setDefaultValueAsHidden": false,
        "settings": {
          "subType": "singleLine"
        },
        "validation": {
          "requireField": {
            "active": true,
            "errorMessage": "This is a required field."
          },
          "numberOfCharacters": {
            "active": false,
            "rangeDefinition": "between",
            "errorMessage": "This field does not meet the required number of characters."
          },
          "standardErrorMessage": ""
        },
        "name": "linkText",
        "label": "Link Text",
        "descriptionActive": false,
        "description": "",
        "tooltipActive": false,
        "tooltip": "",
        "row": 0,
        "width": "full",
        "position": "start"
      },
      {
        "type": "singleLineText",
        "defaultValue": "",
        "setDefaultValueAsHidden": false,
        "settings": {
          "subType": "url"
        },
        "validation": {
          "requireField": {
            "active": false,
            "errorMessage": "This is a required field."
          },
          "numberOfCharacters": {
            "active": false,
            "rangeDefinition": "between",
            "errorMessage": "This field does not meet the required number of characters."
          },
          "standardErrorMessage": ""
        },
        "name": "link",
        "label": "Link",
        "descriptionActive": false,
        "description": "",
        "tooltipActive": false,
        "tooltip": "",
        "row": 1,
        "width": "full",
        "position": "start"
      },
      {
        "type": "singleLineText",
        "defaultValue": "",
        "setDefaultValueAsHidden": false,
        "settings": {
          "subType": "singleLine"
        },
        "validation": {
          "requireField": {
            "active": false,
            "errorMessage": "This is a required field."
          },
          "numberOfCharacters": {
            "active": false,
            "rangeDefinition": "between",
            "errorMessage": "This field does not meet the required number of characters."
          },
          "standardErrorMessage": ""
        },
        "name": "gAOriginName",
        "label": "GA Origin Name",
        "descriptionActive": false,
        "description": "",
        "tooltipActive": false,
        "tooltip": "",
        "row": 2,
        "width": "half",
        "position": "half"
      },
      {
        "type": "singleLineText",
        "defaultValue": "",
        "setDefaultValueAsHidden": false,
        "settings": {
          "subType": "singleLine"
        },
        "validation": {
          "requireField": {
            "active": false,
            "errorMessage": "This is a required field."
          },
          "numberOfCharacters": {
            "active": false,
            "rangeDefinition": "between",
            "errorMessage": "This field does not meet the required number of characters."
          },
          "standardErrorMessage": ""
        },
        "name": "gAEventName",
        "label": "GA Event Name",
        "descriptionActive": false,
        "description": "",
        "tooltipActive": false,
        "tooltip": "",
        "row": 2,
        "width": "half",
        "position": "start"
      }
    ],
    "properties": {
      "contentName": {
        "type": "contentName",
        "settings": {
          "nameGeneratorFields": []
        },
        "label": "Content Item Name",
        "descriptionActive": false,
        "description": "",
        "tooltipActive": false,
        "tooltip": "",
        "row": 0,
        "width": "half",
        "position": "start"
      },
      "contentTags": {
        "type": "contentTags",
        "validation": {
          "requireField": {
            "active": false,
            "errorMessage": "This is a required field."
          },
          "standardErrorMessage": ""
        },
        "label": "Tags",
        "descriptionActive": false,
        "description": "",
        "tooltipActive": false,
        "tooltip": "",
        "row": 0,
        "width": "half",
        "position": "half"
      },
      "contentDescription": {
        "type": "contentDescription",
        "validation": {
          "requireField": {
            "active": false,
            "errorMessage": "This is a required field."
          },
          "standardErrorMessage": ""
        },
        "label": "Description",
        "descriptionActive": false,
        "description": "",
        "tooltipActive": false,
        "tooltip": "",
        "row": 1,
        "width": "full",
        "position": "start"
      }
    }
  },
  {
    "name": "CTA",
    "enabled": true,
    "fields": [
      {
        "type": "singleLineText",
        "defaultValue": "",
        "setDefaultValueAsHidden": false,
        "settings": {
          "subType": "singleLine"
        },
        "validation": {
          "requireField": {
            "active": false,
            "errorMessage": "This is a required field."
          },
          "numberOfCharacters": {
            "active": false,
            "rangeDefinition": "between",
            "errorMessage": "This field does not meet the required number of characters."
          },
          "standardErrorMessage": ""
        },
        "name": "headline",
        "label": "Headline",
        "descriptionActive": false,
        "description": "",
        "tooltipActive": false,
        "tooltip": "",
        "row": 1,
        "width": "full",
        "position": "start"
      },
      {
        "type": "referenceObject",
        "allowedContentTypeName": "Why Evoq - CTA Link",
        "settings": {
          "subType": "multiReferenceObject"
        },
        "validation": {
          "requireField": {
            "active": true,
            "errorMessage": "This is a required field."
          },
          "numberOfReferences": {
            "active": false,
            "rangeDefinition": "between",
            "errorMessage": "This field does not meet the required number of references."
          },
          "standardErrorMessage": ""
        },
        "name": "referenceObject",
        "label": "Reference Object",
        "descriptionActive": false,
        "description": "",
        "tooltipActive": false,
        "tooltip": "",
        "row": 2,
        "width": "full",
        "position": "start"
      },
      {
        "type": "assets",
        "settings": {
          "subType": "image",
          "maxAssets": 1
        },
        "validation": {
          "requireField": {
            "active": false,
            "errorMessage": "This is a required field."
          },
          "standardErrorMessage": ""
        },
        "name": "background",
        "label": "Background",
        "descriptionActive": false,
        "description": "",
        "tooltipActive": false,
        "tooltip": "",
        "row": 0,
        "width": "full",
        "position": "start"
      }
    ],
    "properties": {
      "contentName": {
        "type": "contentName",
        "settings": {
          "nameGeneratorFields": []
        },
        "label": "Content Item Name",
        "descriptionActive": false,
        "description": "",
        "tooltipActive": false,
        "tooltip": "",
        "row": 0,
        "width": "half",
        "position": "start"
      },
      "contentTags": {
        "type": "contentTags",
        "validation": {
          "requireField": {
            "active": false,
            "errorMessage": "This is a required field."
          },
          "standardErrorMessage": ""
        },
        "label": "Tags",
        "descriptionActive": false,
        "description": "",
        "tooltipActive": false,
        "tooltip": "",
        "row": 0,
        "width": "half",
        "position": "half"
      },
      "contentDescription": {
        "type": "contentDescription",
        "validation": {
          "requireField": {
            "active": false,
            "errorMessage": "This is a required field."
          },
          "standardErrorMessage": ""
        },
        "label": "Description",
        "descriptionActive": false,
        "description": "",
        "tooltipActive": false,
        "tooltip": "",
        "row": 1,
        "width": "full",
        "position": "start"
      }
    }
  }
]