[
  {
    "name": "CRM - List/Detail",
    "description": "",
    "enabled": true,
    "fields": [
      {
        "type": "singleLineText",
        "defaultValue": "",
        "setDefaultValueAsHidden": false,
        "settings": {
          "subType": "singleLine"
        },
        "validation": {
          "requireField": {
            "active": false,
            "errorMessage": "This is a required field."
          },
          "numberOfCharacters": {
            "active": false,
            "rangeDefinition": "between",
            "errorMessage": "This field does not meet the required number of characters."
          },
          "standardErrorMessage": ""
        },
        "name": "account",
        "label": "Account",
        "descriptionActive": false,
        "description": "",
        "tooltipActive": false,
        "tooltip": "",
        "row": 0,
        "width": "quarter",
        "position": "start"
      },
      {
        "type": "singleLineText",
        "defaultValue": "",
        "setDefaultValueAsHidden": false,
        "settings": {
          "subType": "singleLine"
        },
        "validation": {
          "requireField": {
            "active": false,
            "errorMessage": "This is a required field."
          },
          "numberOfCharacters": {
            "active": false,
            "rangeDefinition": "between",
            "errorMessage": "This field does not meet the required number of characters."
          },
          "standardErrorMessage": ""
        },
        "name": "renewDate",
        "label": "Renew Date",
        "descriptionActive": false,
        "description": "",
        "tooltipActive": false,
        "tooltip": "",
        "row": 0,
        "width": "quarter",
        "position": "half"
      },
      {
        "type": "singleLineText",
        "defaultValue": "",
        "setDefaultValueAsHidden": false,
        "settings": {
          "subType": "singleLine"
        },
        "validation": {
          "requireField": {
            "active": false,
            "errorMessage": "This is a required field."
          },
          "numberOfCharacters": {
            "active": false,
            "rangeDefinition": "between",
            "errorMessage": "This field does not meet the required number of characters."
          },
          "standardErrorMessage": ""
        },
        "name": "contact",
        "label": "Contact",
        "descriptionActive": false,
        "description": "",
        "tooltipActive": false,
        "tooltip": "",
        "row": 0,
        "width": "quarter",
        "position": "quarter"
      },
      {
        "type": "singleLineText",
        "defaultValue": "",
        "setDefaultValueAsHidden": false,
        "settings": {
          "subType": "singleLine"
        },
        "validation": {
          "requireField": {
            "active": false,
            "errorMessage": "This is a required field."
          },
          "numberOfCharacters": {
            "active": false,
            "rangeDefinition": "between",
            "errorMessage": "This field does not meet the required number of characters."
          },
          "standardErrorMessage": ""
        },
        "name": "amount",
        "label": "Amount",
        "descriptionActive": false,
        "description": "",
        "tooltipActive": false,
        "tooltip": "",
        "row": 0,
        "width": "quarter",
        "position": "threeQuarters"
      }
    ],
    "properties": {
      "contentName": {
        "type": "contentName",
        "settings": {
          "nameGeneratorFields": []
        },
        "label": "Content Item Name",
        "descriptionActive": false,
        "description": "",
        "tooltipActive": false,
        "tooltip": "",
        "row": 0,
        "width": "half",
        "position": "start"
      },
      "contentTags": {
        "type": "contentTags",
        "validation": {
          "requireField": {
            "active": false,
            "errorMessage": "This is a required field."
          },
          "standardErrorMessage": ""
        },
        "label": "Tags",
        "descriptionActive": false,
        "description": "",
        "tooltipActive": false,
        "tooltip": "",
        "row": 0,
        "width": "half",
        "position": "half"
      },
      "contentDescription": {
        "type": "contentDescription",
        "validation": {
          "requireField": {
            "active": false,
            "errorMessage": "This is a required field."
          },
          "standardErrorMessage": ""
        },
        "label": "Description",
        "descriptionActive": false,
        "description": "",
        "tooltipActive": false,
        "tooltip": "",
        "row": 1,
        "width": "full",
        "position": "start"
      }
    }
  }
]