[
  {
    "name": "Recipes",
    "icon": "glass",
    "description": "Create and add to a recipe book",
    "enabled": true,
    "fields": [
      {
        "type": "singleLineText",
        "defaultValue": "",
        "setDefaultValueAsHidden": false,
        "settings": {
          "subType": "singleLine"
        },
        "validation": {
          "requireField": {
            "active": true,
            "errorMessage": "This is a required field."
          },
          "numberOfCharacters": {
            "active": false,
            "rangeDefinition": "between",
            "errorMessage": "This field does not meet the required number of characters."
          },
          "standardErrorMessage": ""
        },
        "name": "recipeName",
        "label": "Recipe Name",
        "descriptionActive": false,
        "description": "",
        "tooltipActive": false,
        "tooltip": "",
        "row": 0,
        "width": "full",
        "position": "start"
      },
      {
        "type": "assets",
        "settings": {
          "subType": "image",
          "maxAssets": 3
        },
        "validation": {
          "requireField": {
            "active": true,
            "errorMessage": "This is a required field."
          },
          "standardErrorMessage": ""
        },
        "name": "picturesofDish",
        "label": "Pictures of Dish",
        "descriptionActive": false,
        "description": "",
        "tooltipActive": false,
        "tooltip": "",
        "row": 1,
        "width": "full",
        "position": "start"
      },
      {
        "type": "multiLineText",
        "defaultValue": "",
        "setDefaultValueAsHidden": false,
        "settings": {
          "subType": "textEditor"
        },
        "validation": {
          "requireField": {
            "active": false,
            "errorMessage": "This is a required field."
          },
          "numberOfCharacters": {
            "active": false,
            "rangeDefinition": "between",
            "errorMessage": "This field does not meet the required number of characters."
          },
          "standardErrorMessage": ""
        },
        "name": "description",
        "label": "Description",
        "descriptionActive": true,
        "description": "Say something about your recipe",
        "tooltipActive": false,
        "tooltip": "",
        "row": 2,
        "width": "full",
        "position": "start"
      },
      {
        "type": "dateTime",
        "defaultValue": "",
        "setDefaultValueAsHidden": false,
        "settings": {
          "subType": "time",
          "dateFormat": "ddmmyy",
          "timeFormat": "hr24",
          "timeZoneInfoActive": false,
          "timeZoneInfoId": "Dateline Standard Time"
        },
        "validation": {
          "requireField": {
            "active": true,
            "errorMessage": "This is a required field."
          },
          "dateRange": {
            "active": false,
            "rangeDefinition": "between",
            "errorMessage": "Your date is not within the accepted date range."
          },
          "timeRange": {
            "active": false,
            "rangeDefinition": "between",
            "startDateTime": "00:00:00",
            "endDateTime": "23:59:00",
            "errorMessage": "Your time is not within the accepted time range."
          },
          "standardErrorMessage": ""
        },
        "name": "prepTime",
        "label": "Prep Time",
        "descriptionActive": false,
        "description": "",
        "tooltipActive": false,
        "tooltip": "",
        "row": 3,
        "width": "half",
        "position": "start"
      },
      {
        "type": "numberSelector",
        "defaultValue": 2.0,
        "setDefaultValueAsHidden": false,
        "settings": {
          "subType": "singleLine",
          "numberSetFormat": "integer",
          "spinnerOrientation": "horizontal",
          "numberRange": {}
        },
        "validation": {
          "requireField": {
            "active": false,
            "errorMessage": "This is a required field."
          },
          "dropdownOrder": "ascending",
          "numberOfCharacters": {
            "active": false,
            "rangeDefinition": "between",
            "errorMessage": "This field does not meet the required number of characters."
          },
          "standardErrorMessage": ""
        },
        "name": "servings",
        "label": "Servings",
        "descriptionActive": false,
        "description": "",
        "tooltipActive": false,
        "tooltip": "",
        "row": 3,
        "width": "half",
        "position": "half"
      },
      {
        "type": "multiLineText",
        "defaultValue": "",
        "setDefaultValueAsHidden": false,
        "settings": {
          "subType": "textEditor"
        },
        "validation": {
          "requireField": {
            "active": true,
            "errorMessage": "This is a required field."
          },
          "numberOfCharacters": {
            "active": false,
            "rangeDefinition": "between",
            "errorMessage": "This field does not meet the required number of characters."
          },
          "standardErrorMessage": ""
        },
        "name": "ingredients",
        "label": "Ingredients",
        "descriptionActive": false,
        "description": "",
        "tooltipActive": false,
        "tooltip": "",
        "row": 4,
        "width": "full",
        "position": "start"
      },
      {
        "type": "multiLineText",
        "defaultValue": "",
        "setDefaultValueAsHidden": false,
        "settings": {
          "subType": "textEditor"
        },
        "validation": {
          "requireField": {
            "active": true,
            "errorMessage": "This is a required field."
          },
          "numberOfCharacters": {
            "active": false,
            "rangeDefinition": "between",
            "errorMessage": "This field does not meet the required number of characters."
          },
          "standardErrorMessage": ""
        },
        "name": "steps",
        "label": "Steps",
        "descriptionActive": false,
        "description": "",
        "tooltipActive": false,
        "tooltip": "",
        "row": 5,
        "width": "full",
        "position": "start"
      },
      {
        "type": "singleLineText",
        "defaultValue": "",
        "setDefaultValueAsHidden": false,
        "settings": {
          "subType": "singleLine"
        },
        "validation": {
          "requireField": {
            "active": false,
            "errorMessage": "This is a required field."
          },
          "numberOfCharacters": {
            "active": false,
            "rangeDefinition": "between",
            "errorMessage": "This field does not meet the required number of characters."
          },
          "standardErrorMessage": ""
        },
        "name": "uRL",
        "label": "URL",
        "descriptionActive": false,
        "description": "",
        "tooltipActive": false,
        "tooltip": "",
        "row": 6,
        "width": "half",
        "position": "start"
      },
      {
        "type": "singleLineText",
        "defaultValue": "",
        "setDefaultValueAsHidden": false,
        "settings": {
          "subType": "singleLine"
        },
        "validation": {
          "requireField": {
            "active": false,
            "errorMessage": "This is a required field."
          },
          "numberOfCharacters": {
            "active": false,
            "rangeDefinition": "between",
            "errorMessage": "This field does not meet the required number of characters."
          },
          "standardErrorMessage": ""
        },
        "name": "uRLText",
        "label": "URL Text",
        "descriptionActive": false,
        "description": "",
        "tooltipActive": false,
        "tooltip": "",
        "row": 6,
        "width": "half",
        "position": "half"
      }
    ],
    "properties": {
      "contentName": {
        "type": "contentName",
        "settings": {
          "nameGeneratorFields": []
        },
        "label": "Content Item Name",
        "descriptionActive": false,
        "description": "",
        "tooltipActive": false,
        "tooltip": "",
        "row": 0,
        "width": "half",
        "position": "start"
      },
      "contentTags": {
        "type": "contentTags",
        "validation": {
          "requireField": {
            "active": false,
            "errorMessage": "This is a required field."
          },
          "standardErrorMessage": ""
        },
        "label": "Tags",
        "descriptionActive": false,
        "description": "",
        "tooltipActive": false,
        "tooltip": "",
        "row": 0,
        "width": "half",
        "position": "half"
      },
      "contentDescription": {
        "type": "contentDescription",
        "validation": {
          "requireField": {
            "active": false,
            "errorMessage": "This is a required field."
          },
          "standardErrorMessage": ""
        },
        "label": "Description",
        "descriptionActive": false,
        "description": "",
        "tooltipActive": false,
        "tooltip": "",
        "row": 1,
        "width": "full",
        "position": "start"
      }
    }
  }
]