[
  {
    "name": "Person",
    "icon": "user",
    "description": "This content type is used for storing information about people. Fields include first name, last name, email addresses and more.",
    "enabled": true,
    "fields": [
      {
        "type": "singleLineText",
        "setDefaultValueAsHidden": false,
        "settings": {
          "subType": "singleLine"
        },
        "validation": {
          "requireField": {
            "active": true,
            "errorMessage": "This is a required field"
          },
          "numberOfCharacters": {
            "active": false,
            "rangeDefinition": "between",
            "errorMessage": "This field does not meet the required number of characters"
          }
        },
        "id": "5f59c605-e299-496b-affe-659c89efd82e",
        "name": "firstName",
        "label": "First Name",
        "descriptionActive": false,
        "description": "",
        "tooltipActive": false,
        "tooltip": "",
        "row": 0,
        "width": "half",
        "position": "start"
      },
      {
        "type": "singleLineText",
        "setDefaultValueAsHidden": false,
        "settings": {
          "subType": "singleLine"
        },
        "validation": {
          "requireField": {
            "active": true,
            "errorMessage": "This is a required field"
          },
          "numberOfCharacters": {
            "active": false,
            "rangeDefinition": "between",
            "errorMessage": "This field does not meet the required number of characters"
          }
        },
        "id": "c46df706-323c-4f45-a89d-2dd774c59ac8",
        "name": "lastName",
        "label": "Last Name",
        "descriptionActive": false,
        "description": "",
        "tooltipActive": false,
        "tooltip": "",
        "row": 0,
        "width": "half",
        "position": "half"
      },
      {
        "type": "assets",
        "settings": {
          "subType": "image",
          "maxAssets": 1
        },
        "validation": {
          "requireField": {
            "active": false,
            "errorMessage": "This is a required field"
          }
        },
        "name": "profileImage",
        "label": "Profile Image",
        "descriptionActive": false,
        "description": "",
        "tooltipActive": false,
        "tooltip": "",
        "row": 1,
        "width": "half",
        "position": "half"
      },
      {
        "type": "singleLineText",
        "setDefaultValueAsHidden": false,
        "settings": {
          "subType": "singleLine"
        },
        "validation": {
          "requireField": {
            "active": false,
            "errorMessage": "This is a required field"
          },
          "numberOfCharacters": {
            "active": false,
            "rangeDefinition": "between",
            "errorMessage": "This field does not meet the required number of characters"
          }
        },
        "name": "title",
        "label": "Title",
        "descriptionActive": false,
        "description": "",
        "tooltipActive": false,
        "tooltip": "",
        "row": 1,
        "width": "half",
        "position": "start"
      },
      {
        "type": "multiLineText",
        "setDefaultValueAsHidden": false,
        "settings": {
          "subType": "multiLine"
        },
        "validation": {
          "requireField": {
            "active": false,
            "errorMessage": "This is a required field"
          },
          "numberOfCharacters": {
            "active": true,
            "rangeDefinition": "maximum",
            "maximum": 500,
            "errorMessage": "This field does not meet the required number of characters"
          }
        },
        "name": "shortBiography",
        "label": "Short Biography",
        "descriptionActive": false,
        "description": "",
        "tooltipActive": false,
        "tooltip": "",
        "row": 2,
        "width": "full",
        "position": "start"
      },
      {
        "type": "multiLineText",
        "setDefaultValueAsHidden": false,
        "settings": {
          "subType": "multiLine"
        },
        "validation": {
          "requireField": {
            "active": false,
            "errorMessage": "This is a required field"
          },
          "numberOfCharacters": {
            "active": false,
            "rangeDefinition": "between",
            "errorMessage": "This field does not meet the required number of characters"
          }
        },
        "name": "longBiography",
        "label": "Long Biography",
        "descriptionActive": false,
        "description": "",
        "tooltipActive": false,
        "tooltip": "",
        "row": 3,
        "width": "full",
        "position": "start"
      },
      {
        "type": "singleLineText",
        "setDefaultValueAsHidden": false,
        "settings": {
          "subType": "email"
        },
        "validation": {
          "requireField": {
            "active": false,
            "errorMessage": "This is a required field"
          },
          "numberOfCharacters": {
            "active": false,
            "rangeDefinition": "between",
            "errorMessage": "This field does not meet the required number of characters"
          }
        },
        "name": "email",
        "label": "Email",
        "descriptionActive": false,
        "description": "",
        "tooltipActive": false,
        "tooltip": "",
        "row": 4,
        "width": "third",
        "position": "start"
      },
      {
        "type": "singleLineText",
        "setDefaultValueAsHidden": false,
        "settings": {
          "subType": "url"
        },
        "validation": {
          "requireField": {
            "active": false,
            "errorMessage": "This is a required field"
          },
          "numberOfCharacters": {
            "active": false,
            "rangeDefinition": "between",
            "errorMessage": "This field does not meet the required number of characters"
          }
        },
        "name": "linkedIn",
        "label": "LinkedIn",
        "descriptionActive": false,
        "description": "",
        "tooltipActive": false,
        "tooltip": "",
        "row": 4,
        "width": "third",
        "position": "third"
      },
      {
        "type": "singleLineText",
        "setDefaultValueAsHidden": false,
        "settings": {
          "subType": "singleLine"
        },
        "validation": {
          "requireField": {
            "active": false,
            "errorMessage": "This is a required field"
          },
          "numberOfCharacters": {
            "active": false,
            "rangeDefinition": "between",
            "errorMessage": "This field does not meet the required number of characters"
          }
        },
        "name": "twitterHandle",
        "label": "Twitter Handle",
        "descriptionActive": false,
        "description": "",
        "tooltipActive": false,
        "tooltip": "",
        "row": 4,
        "width": "third",
        "position": "twoThirds"
      }
    ],
    "properties": {
      "contentName": {
        "type": "contentName",
        "settings": {
          "nameGeneratorFields": [
            "5f59c605-e299-496b-affe-659c89efd82e",
            "c46df706-323c-4f45-a89d-2dd774c59ac8"
          ]
        },
        "label": "Content Item Name",
        "descriptionActive": false,
        "tooltipActive": false,
        "row": 0,
        "width": "half",
        "position": "start"
      },
      "contentTags": {
        "type": "contentTags",
        "validation": {
          "requireField": {
            "active": false
          }
        },
        "label": "Tags",
        "descriptionActive": false,
        "tooltipActive": false,
        "row": 0,
        "width": "half",
        "position": "half"
      },
      "contentDescription": {
        "type": "contentDescription",
        "validation": {
          "requireField": {
            "active": false
          }
        },
        "label": "Description",
        "descriptionActive": false,
        "tooltipActive": false,
        "row": 1,
        "width": "full",
        "position": "start"
      }
    }
  },
  {
    "name": "Testimonial",
    "enabled": true,
    "fields": [
      {
        "type": "singleLineText",
        "defaultValue": "",
        "setDefaultValueAsHidden": false,
        "settings": {
          "subType": "singleLine"
        },
        "validation": {
          "requireField": {
            "active": false,
            "errorMessage": "This is a required field."
          },
          "numberOfCharacters": {
            "active": false,
            "rangeDefinition": "between",
            "errorMessage": "This field does not meet the required number of characters."
          },
          "standardErrorMessage": ""
        },
        "name": "quote",
        "label": "Quote",
        "descriptionActive": false,
        "description": "",
        "tooltipActive": false,
        "tooltip": "",
        "row": 0,
        "width": "full",
        "position": "start"
      },
      {
        "type": "referenceObject",
        "allowedContentTypeName": "Person",
        "settings": {
          "subType": "singleReferenceObject"
        },
        "validation": {
          "requireField": {
            "active": false,
            "errorMessage": "This is a required field."
          },
          "numberOfReferences": {
            "active": false,
            "rangeDefinition": "between",
            "errorMessage": "This field does not meet the required number of references."
          },
          "standardErrorMessage": ""
        },
        "name": "person",
        "label": "Person",
        "descriptionActive": false,
        "description": "",
        "tooltipActive": false,
        "tooltip": "",
        "row": 1,
        "width": "full",
        "position": "start"
      },
      {
        "type": "singleLineText",
        "defaultValue": "",
        "setDefaultValueAsHidden": false,
        "settings": {
          "subType": "singleLine"
        },
        "validation": {
          "requireField": {
            "active": false,
            "errorMessage": "This is a required field."
          },
          "numberOfCharacters": {
            "active": false,
            "rangeDefinition": "between",
            "errorMessage": "This field does not meet the required number of characters."
          },
          "standardErrorMessage": ""
        },
        "name": "organization",
        "label": "Organization",
        "descriptionActive": false,
        "description": "",
        "tooltipActive": false,
        "tooltip": "",
        "row": 2,
        "width": "full",
        "position": "start"
      },
      {
        "type": "assets",
        "settings": {
          "subType": "image",
          "maxAssets": 1
        },
        "validation": {
          "requireField": {
            "active": false,
            "errorMessage": "This is a required field."
          },
          "standardErrorMessage": ""
        },
        "name": "organizationLogo",
        "label": "Organization Logo",
        "descriptionActive": true,
        "description": "[Optional] Upload the organization's logo",
        "tooltipActive": false,
        "tooltip": "",
        "row": 3,
        "width": "half",
        "position": "start"
      }
    ],
    "properties": {
      "contentName": {
        "type": "contentName",
        "settings": {
          "nameGeneratorFields": []
        },
        "label": "Content Item Name",
        "descriptionActive": false,
        "description": "",
        "tooltipActive": false,
        "tooltip": "",
        "row": 0,
        "width": "half",
        "position": "start"
      },
      "contentTags": {
        "type": "contentTags",
        "validation": {
          "requireField": {
            "active": false,
            "errorMessage": "This is a required field."
          },
          "standardErrorMessage": ""
        },
        "label": "Tags",
        "descriptionActive": false,
        "description": "",
        "tooltipActive": false,
        "tooltip": "",
        "row": 0,
        "width": "half",
        "position": "half"
      },
      "contentDescription": {
        "type": "contentDescription",
        "validation": {
          "requireField": {
            "active": false,
            "errorMessage": "This is a required field."
          },
          "standardErrorMessage": ""
        },
        "label": "Description",
        "descriptionActive": false,
        "description": "",
        "tooltipActive": false,
        "tooltip": "",
        "row": 1,
        "width": "full",
        "position": "start"
      }
    }
  }
]