[
  {
    "name": "Person",
    "icon": "user",
    "description": "This content type is used for storing information about people. Fields include first name, last name, email addresses and more.",
    "enabled": true,
    "fields": [
      {
        "type": "singleLineText",
        "setDefaultValueAsHidden": false,
        "settings": {
          "subType": "singleLine"
        },
        "validation": {
          "requireField": {
            "active": true,
            "errorMessage": "This is a required field"
          },
          "numberOfCharacters": {
            "active": false,
            "rangeDefinition": "between",
            "errorMessage": "This field does not meet the required number of characters"
          }
        },
        "id": "0dbc3e1b-e650-4366-8c43-9883e33b5d62",
        "name": "firstName",
        "label": "First Name",
        "descriptionActive": false,
        "description": "",
        "tooltipActive": false,
        "tooltip": "",
        "row": 0,
        "width": "half",
        "position": "start"
      },
      {
        "type": "singleLineText",
        "setDefaultValueAsHidden": false,
        "settings": {
          "subType": "singleLine"
        },
        "validation": {
          "requireField": {
            "active": true,
            "errorMessage": "This is a required field"
          },
          "numberOfCharacters": {
            "active": false,
            "rangeDefinition": "between",
            "errorMessage": "This field does not meet the required number of characters"
          }
        },
        "id": "81ea4b1f-8e79-4e1e-af6e-534ed979439f",
        "name": "lastName",
        "label": "Last Name",
        "descriptionActive": false,
        "description": "",
        "tooltipActive": false,
        "tooltip": "",
        "row": 0,
        "width": "half",
        "position": "half"
      },
      {
        "type": "assets",
        "settings": {
          "subType": "image",
          "maxAssets": 1
        },
        "validation": {
          "requireField": {
            "active": false,
            "errorMessage": "This is a required field"
          }
        },
        "name": "profileImage",
        "label": "Profile Image",
        "descriptionActive": false,
        "description": "",
        "tooltipActive": false,
        "tooltip": "",
        "row": 1,
        "width": "half",
        "position": "half"
      },
      {
        "type": "singleLineText",
        "setDefaultValueAsHidden": false,
        "settings": {
          "subType": "singleLine"
        },
        "validation": {
          "requireField": {
            "active": false,
            "errorMessage": "This is a required field"
          },
          "numberOfCharacters": {
            "active": false,
            "rangeDefinition": "between",
            "errorMessage": "This field does not meet the required number of characters"
          }
        },
        "name": "title",
        "label": "Title",
        "descriptionActive": false,
        "description": "",
        "tooltipActive": false,
        "tooltip": "",
        "row": 1,
        "width": "half",
        "position": "start"
      },
      {
        "type": "multiLineText",
        "setDefaultValueAsHidden": false,
        "settings": {
          "subType": "multiLine"
        },
        "validation": {
          "requireField": {
            "active": false,
            "errorMessage": "This is a required field"
          },
          "numberOfCharacters": {
            "active": true,
            "rangeDefinition": "maximum",
            "maximum": 500,
            "errorMessage": "This field does not meet the required number of characters"
          }
        },
        "name": "shortBiography",
        "label": "Short Biography",
        "descriptionActive": false,
        "description": "",
        "tooltipActive": false,
        "tooltip": "",
        "row": 2,
        "width": "full",
        "position": "start"
      },
      {
        "type": "multiLineText",
        "setDefaultValueAsHidden": false,
        "settings": {
          "subType": "multiLine"
        },
        "validation": {
          "requireField": {
            "active": false,
            "errorMessage": "This is a required field"
          },
          "numberOfCharacters": {
            "active": false,
            "rangeDefinition": "between",
            "errorMessage": "This field does not meet the required number of characters"
          }
        },
        "name": "longBiography",
        "label": "Long Biography",
        "descriptionActive": false,
        "description": "",
        "tooltipActive": false,
        "tooltip": "",
        "row": 3,
        "width": "full",
        "position": "start"
      },
      {
        "type": "singleLineText",
        "setDefaultValueAsHidden": false,
        "settings": {
          "subType": "email"
        },
        "validation": {
          "requireField": {
            "active": false,
            "errorMessage": "This is a required field"
          },
          "numberOfCharacters": {
            "active": false,
            "rangeDefinition": "between",
            "errorMessage": "This field does not meet the required number of characters"
          }
        },
        "name": "email",
        "label": "Email",
        "descriptionActive": false,
        "description": "",
        "tooltipActive": false,
        "tooltip": "",
        "row": 4,
        "width": "third",
        "position": "start"
      },
      {
        "type": "singleLineText",
        "setDefaultValueAsHidden": false,
        "settings": {
          "subType": "url"
        },
        "validation": {
          "requireField": {
            "active": false,
            "errorMessage": "This is a required field"
          },
          "numberOfCharacters": {
            "active": false,
            "rangeDefinition": "between",
            "errorMessage": "This field does not meet the required number of characters"
          }
        },
        "name": "linkedIn",
        "label": "LinkedIn",
        "descriptionActive": false,
        "description": "",
        "tooltipActive": false,
        "tooltip": "",
        "row": 4,
        "width": "third",
        "position": "third"
      },
      {
        "type": "singleLineText",
        "setDefaultValueAsHidden": false,
        "settings": {
          "subType": "singleLine"
        },
        "validation": {
          "requireField": {
            "active": false,
            "errorMessage": "This is a required field"
          },
          "numberOfCharacters": {
            "active": false,
            "rangeDefinition": "between",
            "errorMessage": "This field does not meet the required number of characters"
          }
        },
        "name": "twitterHandle",
        "label": "Twitter Handle",
        "descriptionActive": false,
        "description": "",
        "tooltipActive": false,
        "tooltip": "",
        "row": 4,
        "width": "third",
        "position": "twoThirds"
      }
    ],
    "properties": {
      "contentName": {
        "type": "contentName",
        "settings": {
          "nameGeneratorFields": [
            "0dbc3e1b-e650-4366-8c43-9883e33b5d62",
            "81ea4b1f-8e79-4e1e-af6e-534ed979439f"
          ]
        },
        "label": "Content Item Name",
        "descriptionActive": false,
        "tooltipActive": false,
        "row": 0,
        "width": "half",
        "position": "start"
      },
      "contentTags": {
        "type": "contentTags",
        "validation": {
          "requireField": {
            "active": false
          }
        },
        "label": "Tags",
        "descriptionActive": false,
        "tooltipActive": false,
        "row": 0,
        "width": "half",
        "position": "half"
      },
      "contentDescription": {
        "type": "contentDescription",
        "validation": {
          "requireField": {
            "active": false
          }
        },
        "label": "Description",
        "descriptionActive": false,
        "tooltipActive": false,
        "row": 1,
        "width": "full",
        "position": "start"
      }
    }
  },
  {
    "name": "Timeline Item",
    "icon": "tags",
    "description": "Items in a timeline",
    "enabled": true,
    "fields": [
      {
        "type": "singleLineText",
        "defaultValue": "",
        "setDefaultValueAsHidden": false,
        "settings": {
          "subType": "singleLine"
        },
        "validation": {
          "requireField": {
            "active": false,
            "errorMessage": "This is a required field."
          },
          "numberOfCharacters": {
            "active": false,
            "rangeDefinition": "between",
            "errorMessage": "This field does not meet the required number of characters."
          },
          "standardErrorMessage": ""
        },
        "name": "title",
        "label": "Title",
        "descriptionActive": false,
        "description": "",
        "tooltipActive": false,
        "tooltip": "",
        "row": 0,
        "width": "half",
        "position": "half"
      },
      {
        "type": "singleLineText",
        "defaultValue": "",
        "setDefaultValueAsHidden": false,
        "settings": {
          "subType": "singleLine"
        },
        "validation": {
          "requireField": {
            "active": false,
            "errorMessage": "This is a required field."
          },
          "numberOfCharacters": {
            "active": false,
            "rangeDefinition": "between",
            "errorMessage": "This field does not meet the required number of characters."
          },
          "standardErrorMessage": ""
        },
        "name": "date",
        "label": "Date",
        "descriptionActive": false,
        "description": "",
        "tooltipActive": false,
        "tooltip": "",
        "row": 0,
        "width": "half",
        "position": "start"
      },
      {
        "type": "multiLineText",
        "defaultValue": "",
        "setDefaultValueAsHidden": false,
        "settings": {
          "subType": "multiLine"
        },
        "validation": {
          "requireField": {
            "active": false,
            "errorMessage": "This is a required field."
          },
          "numberOfCharacters": {
            "active": false,
            "rangeDefinition": "between",
            "errorMessage": "This field does not meet the required number of characters."
          },
          "standardErrorMessage": ""
        },
        "name": "content",
        "label": "Content",
        "descriptionActive": false,
        "description": "",
        "tooltipActive": false,
        "tooltip": "",
        "row": 1,
        "width": "full",
        "position": "start"
      },
      {
        "type": "numberSelector",
        "setDefaultValueAsHidden": false,
        "settings": {
          "subType": "spinner",
          "numberSetFormat": "integer",
          "spinnerOrientation": "horizontal",
          "numberRange": {
            "minimum": 0.0,
            "maximum": 50.0
          }
        },
        "validation": {
          "requireField": {
            "active": false,
            "errorMessage": "This is a required field."
          },
          "dropdownOrder": "ascending",
          "numberOfCharacters": {
            "active": false,
            "rangeDefinition": "between",
            "errorMessage": "This field does not meet the required number of characters."
          },
          "standardErrorMessage": ""
        },
        "name": "priority",
        "label": "Priority",
        "descriptionActive": false,
        "description": "",
        "tooltipActive": false,
        "tooltip": "",
        "row": 2,
        "width": "half",
        "position": "half"
      },
      {
        "type": "assets",
        "settings": {
          "subType": "image",
          "maxAssets": 1
        },
        "validation": {
          "requireField": {
            "active": false,
            "errorMessage": "This is a required field."
          },
          "standardErrorMessage": ""
        },
        "name": "assets",
        "label": "Assets",
        "descriptionActive": false,
        "description": "",
        "tooltipActive": false,
        "tooltip": "",
        "row": 2,
        "width": "half",
        "position": "start"
      },
      {
        "type": "referenceObject",
        "allowedContentTypeName": "Person",
        "settings": {
          "subType": "singleReferenceObject"
        },
        "validation": {
          "requireField": {
            "active": false,
            "errorMessage": "This is a required field."
          },
          "numberOfReferences": {
            "active": false,
            "rangeDefinition": "between",
            "errorMessage": "This field does not meet the required number of references."
          },
          "standardErrorMessage": ""
        },
        "name": "referenceObject",
        "label": "Reference Object",
        "descriptionActive": false,
        "description": "",
        "tooltipActive": false,
        "tooltip": "",
        "row": 3,
        "width": "half",
        "position": "start"
      },
      {
        "type": "numberSelector",
        "setDefaultValueAsHidden": false,
        "settings": {
          "subType": "singleLine",
          "numberSetFormat": "integer",
          "spinnerOrientation": "horizontal",
          "numberRange": {}
        },
        "validation": {
          "requireField": {
            "active": false,
            "errorMessage": "This is a required field."
          },
          "dropdownOrder": "ascending",
          "numberOfCharacters": {
            "active": false,
            "rangeDefinition": "between",
            "errorMessage": "This field does not meet the required number of characters."
          },
          "standardErrorMessage": ""
        },
        "name": "number",
        "label": "Number",
        "descriptionActive": false,
        "description": "",
        "tooltipActive": false,
        "tooltip": "",
        "row": 3,
        "width": "half",
        "position": "half"
      }
    ],
    "properties": {
      "contentName": {
        "type": "contentName",
        "settings": {
          "nameGeneratorFields": []
        },
        "label": "Content Item Name",
        "descriptionActive": false,
        "description": "",
        "tooltipActive": false,
        "tooltip": "",
        "row": 0,
        "width": "half",
        "position": "start"
      },
      "contentTags": {
        "type": "contentTags",
        "validation": {
          "requireField": {
            "active": false,
            "errorMessage": "This is a required field."
          },
          "standardErrorMessage": ""
        },
        "label": "Tags",
        "descriptionActive": false,
        "description": "",
        "tooltipActive": false,
        "tooltip": "",
        "row": 0,
        "width": "half",
        "position": "half"
      },
      "contentDescription": {
        "type": "contentDescription",
        "validation": {
          "requireField": {
            "active": false,
            "errorMessage": "This is a required field."
          },
          "standardErrorMessage": ""
        },
        "label": "Description",
        "descriptionActive": false,
        "description": "",
        "tooltipActive": false,
        "tooltip": "",
        "row": 1,
        "width": "full",
        "position": "start"
      }
    }
  }
]